class_id,Images,class_id_code
Healthy,1664.jpg,2
Healthy,1220.jpg,2
Healthy,3637.jpg,2
Healthy,1646.jpg,2
Healthy,3031.jpg,2
Healthy,2159.jpg,2
Healthy,2280.jpg,2
Healthy,3185.jpg,2
Healthy,1670.jpg,2
Healthy,3673.jpg,2
Healthy,1877.jpg,2
Healthy,1593.jpg,2
Healthy,3057.jpg,2
Healthy,4063.jpg,2
Healthy,2807.jpg,2
Healthy,1696.jpg,2
Healthy,4131.jpg,2
Healthy,1174.jpg,2
Healthy,3019.jpg,2
Healthy,3650.jpg,2
Healthy,1622.jpg,2
Healthy,1300.jpg,2
Healthy,3050.jpg,2
Healthy,3099.jpg,2
Healthy,2136.jpg,2
Healthy,1609.jpg,2
Healthy,1548.jpg,2
Healthy,1956.jpg,2
Healthy,2263.jpg,2
Healthy,2141.jpg,2
Healthy,3611.jpg,2
Healthy,3094.jpg,2
Healthy,1638.jpg,2
Healthy,3626.jpg,2
Healthy,3638.jpg,2
Healthy,1625.jpg,2
Healthy,2116.jpg,2
Healthy,1605.jpg,2
Healthy,2990.jpg,2
Healthy,2232.jpg,2
Healthy,3159.jpg,2
Healthy,4115.jpg,2
Healthy,2816.jpg,2
Healthy,1098.jpg,2
Healthy,1493.jpg,2
Healthy,1590.jpg,2
Healthy,1610.jpg,2
Healthy,2808.jpg,2
Healthy,3649.jpg,2
Healthy,2135.jpg,2
Healthy,1652.jpg,2
Healthy,2002.jpg,2
Healthy,2979.jpg,2
Healthy,1688.jpg,2
Healthy,1523.jpg,2
Healthy,1265.jpg,2
Healthy,3630.jpg,2
Healthy,3056.jpg,2
Healthy,2143.jpg,2
Healthy,1286.jpg,2
Healthy,3625.jpg,2
Healthy,3134.jpg,2
Healthy,2147.jpg,2
Healthy,2117.jpg,2
Healthy,1272.jpg,2
Healthy,1269.jpg,2
Healthy,1224.jpg,2
Healthy,1649.jpg,2
Healthy,4125.jpg,2
Healthy,3027.jpg,2
Healthy,1953.jpg,2
Healthy,3010.jpg,2
Healthy,1254.jpg,2
Healthy,2267.jpg,2
Healthy,3695.jpg,2
Healthy,3623.jpg,2
Healthy,3023.jpg,2
Healthy,3034.jpg,2
Healthy,1235.jpg,2
Healthy,2693.jpg,2
Healthy,1531.jpg,2
Healthy,1246.jpg,2
Healthy,4077.jpg,2
Healthy,2974.jpg,2
Healthy,3612.jpg,2
Healthy,3187.jpg,2
Healthy,1266.jpg,2
Healthy,4138.jpg,2
Healthy,1613.jpg,2
Healthy,1271.jpg,2
Healthy,3663.jpg,2
Healthy,2006.jpg,2
Healthy,3041.jpg,2
Healthy,1555.jpg,2
Healthy,1949.jpg,2
Healthy,3662.jpg,2
Healthy,2221.jpg,2
Healthy,3592.jpg,2
Healthy,4113.jpg,2
Healthy,3002.jpg,2
Healthy,1570.jpg,2
Healthy,1242.jpg,2
Healthy,1228.jpg,2
Healthy,3059.jpg,2
Healthy,3158.jpg,2
Healthy,3141.jpg,2
Healthy,3597.jpg,2
Healthy,3636.jpg,2
Healthy,1528.jpg,2
Healthy,3146.jpg,2
Healthy,1564.jpg,2
Healthy,1516.jpg,2
Healthy,1278.jpg,2
Healthy,2259.jpg,2
Healthy,2005.jpg,2
Healthy,3717.jpg,2
Healthy,1268.jpg,2
Healthy,4111.jpg,2
Healthy,1642.jpg,2
Healthy,1151.jpg,2
Healthy,3647.jpg,2
Healthy,2121.jpg,2
Healthy,2142.jpg,2
Healthy,3731.jpg,2
Healthy,1546.jpg,2
Healthy,2228.jpg,2
Healthy,3055.jpg,2
Healthy,2687.jpg,2
Healthy,3039.jpg,2
Healthy,3030.jpg,2
Healthy,3075.jpg,2
Healthy,1173.jpg,2
Healthy,2119.jpg,2
Healthy,1690.jpg,2
Healthy,2699.jpg,2
Healthy,1231.jpg,2
Healthy,3157.jpg,2
Healthy,4122.jpg,2
Healthy,1301.jpg,2
Healthy,3572.jpg,2
Healthy,1521.jpg,2
Healthy,3179.jpg,2
Healthy,3154.jpg,2
Healthy,1479.jpg,2
Healthy,2703.jpg,2
Healthy,3042.jpg,2
Healthy,2705.jpg,2
Healthy,2738.jpg,2
Healthy,1238.jpg,2
Healthy,1514.jpg,2
Healthy,3021.jpg,2
Healthy,1618.jpg,2
Healthy,3080.jpg,2
Healthy,1490.jpg,2
Healthy,2272.jpg,2
Healthy,3618.jpg,2
Healthy,2707.jpg,2
Healthy,1299.jpg,2
Healthy,3150.jpg,2
Healthy,4119.jpg,2
Healthy,1566.jpg,2
Healthy,3067.jpg,2
Healthy,3578.jpg,2
Healthy,3155.jpg,2
Healthy,3153.jpg,2
Healthy,1263.jpg,2
Healthy,4089.jpg,2
Healthy,1597.jpg,2
Healthy,1251.jpg,2
Healthy,2157.jpg,2
Healthy,1225.jpg,2
Healthy,3664.jpg,2
Healthy,2265.jpg,2
Healthy,1178.jpg,2
Healthy,3642.jpg,2
Healthy,3166.jpg,2
Healthy,1602.jpg,2
Healthy,1693.jpg,2
Healthy,1482.jpg,2
Healthy,2127.jpg,2
Healthy,1554.jpg,2
Healthy,3137.jpg,2
Healthy,4107.jpg,2
Healthy,3585.jpg,2
Healthy,3014.jpg,2
Healthy,3043.jpg,2
Healthy,1679.jpg,2
Healthy,3674.jpg,2
Healthy,1505.jpg,2
Healthy,1144.jpg,2
Healthy,3013.jpg,2
Healthy,2125.jpg,2
Healthy,3697.jpg,2
Healthy,3615.jpg,2
Healthy,1297.jpg,2
Healthy,2967.jpg,2
Healthy,4102.jpg,2
Healthy,4133.jpg,2
Healthy,1667.jpg,2
Healthy,2958.jpg,2
Healthy,1175.jpg,2
Healthy,2168.jpg,2
Healthy,1561.jpg,2
Healthy,3732.jpg,2
Healthy,1559.jpg,2
Healthy,1606.jpg,2
Healthy,1552.jpg,2
Healthy,3701.jpg,2
Healthy,3691.jpg,2
Healthy,3098.jpg,2
Healthy,1880.jpg,2
Healthy,2171.jpg,2
Healthy,1264.jpg,2
Healthy,2144.jpg,2
Healthy,1293.jpg,2
Healthy,2951.jpg,2
Healthy,3068.jpg,2
Healthy,2810.jpg,2
Healthy,2995.jpg,2
Healthy,1186.jpg,2
Healthy,4137.jpg,2
Healthy,3681.jpg,2
Healthy,1599.jpg,2
Healthy,1556.jpg,2
Healthy,2150.jpg,2
Healthy,3713.jpg,2
Healthy,2963.jpg,2
Healthy,2975.jpg,2
Healthy,1244.jpg,2
Healthy,4120.jpg,2
Healthy,1021.jpg,2
Healthy,1019.jpg,2
Healthy,2129.jpg,2
Healthy,2992.jpg,2
Healthy,3646.jpg,2
Healthy,2153.jpg,2
Healthy,2128.jpg,2
Healthy,1666.jpg,2
Healthy,3706.jpg,2
Healthy,3081.jpg,2
Healthy,2955.jpg,2
Healthy,2734.jpg,2
Healthy,1651.jpg,2
Healthy,2988.jpg,2
Healthy,3017.jpg,2
Healthy,4117.jpg,2
Healthy,1591.jpg,2
Healthy,2982.jpg,2
Healthy,3148.jpg,2
Healthy,1506.jpg,2
Healthy,3607.jpg,2
Healthy,4088.jpg,2
Healthy,1279.jpg,2
Healthy,3140.jpg,2
Healthy,3089.jpg,2
Healthy,4075.jpg,2
Healthy,3580.jpg,2
Healthy,1520.jpg,2
Healthy,3606.jpg,2
Healthy,2266.jpg,2
Healthy,2124.jpg,2
Healthy,1681.jpg,2
Healthy,3008.jpg,2
Healthy,1594.jpg,2
Healthy,2004.jpg,2
Healthy,3605.jpg,2
Healthy,2971.jpg,2
Healthy,1292.jpg,2
Healthy,3091.jpg,2
Healthy,3619.jpg,2
Healthy,1671.jpg,2
Healthy,3628.jpg,2
Healthy,1643.jpg,2
Healthy,3624.jpg,2
Healthy,2162.jpg,2
Healthy,3012.jpg,2
Healthy,1492.jpg,2
Healthy,1480.jpg,2
Healthy,2163.jpg,2
Healthy,2704.jpg,2
Healthy,3655.jpg,2
Healthy,1507.jpg,2
Healthy,1511.jpg,2
Healthy,3712.jpg,2
Healthy,1289.jpg,2
Healthy,1675.jpg,2
Healthy,2271.jpg,2
Healthy,1589.jpg,2
Healthy,1887.jpg,2
Healthy,1187.jpg,2
Healthy,1027.jpg,2
Healthy,2166.jpg,2
Healthy,3598.jpg,2
Healthy,1195.jpg,2
Healthy,2231.jpg,2
Healthy,1626.jpg,2
Healthy,3579.jpg,2
Healthy,3009.jpg,2
Healthy,1249.jpg,2
Healthy,1176.jpg,2
Healthy,3032.jpg,2
Healthy,3601.jpg,2
Healthy,2167.jpg,2
Healthy,3718.jpg,2
Healthy,2815.jpg,2
Healthy,4103.jpg,2
Healthy,2234.jpg,2
Healthy,3065.jpg,2
Healthy,1487.jpg,2
Healthy,2976.jpg,2
Healthy,3589.jpg,2
Healthy,3138.jpg,2
Healthy,1545.jpg,2
Healthy,1198.jpg,2
Healthy,1951.jpg,2
Healthy,1574.jpg,2
Healthy,1141.jpg,2
Healthy,2156.jpg,2
Healthy,4076.jpg,2
Healthy,3622.jpg,2
Healthy,1655.jpg,2
Healthy,1260.jpg,2
Healthy,1234.jpg,2
Healthy,1885.jpg,2
Healthy,4114.jpg,2
Healthy,3675.jpg,2
Healthy,1262.jpg,2
Healthy,3684.jpg,2
Healthy,1669.jpg,2
Healthy,1623.jpg,2
Healthy,1637.jpg,2
Healthy,2690.jpg,2
Healthy,3644.jpg,2
Healthy,1288.jpg,2
Healthy,2697.jpg,2
Healthy,3131.jpg,2
Healthy,2139.jpg,2
Healthy,3170.jpg,2
Healthy,1535.jpg,2
Healthy,2986.jpg,2
Healthy,2987.jpg,2
Healthy,3676.jpg,2
Healthy,3049.jpg,2
Healthy,1631.jpg,2
Healthy,2145.jpg,2
Healthy,2735.jpg,2
Healthy,1615.jpg,2
Healthy,3029.jpg,2
Healthy,2965.jpg,2
Healthy,3175.jpg,2
Healthy,2160.jpg,2
Healthy,3172.jpg,2
Healthy,2257.jpg,2
Healthy,1103.jpg,2
Healthy,2258.jpg,2
Healthy,2695.jpg,2
Healthy,1140.jpg,2
Healthy,3062.jpg,2
Healthy,1277.jpg,2
Healthy,3689.jpg,2
Healthy,4108.jpg,2
Healthy,3571.jpg,2
Healthy,4060.jpg,2
Healthy,1232.jpg,2
Healthy,3073.jpg,2
Healthy,1294.jpg,2
Healthy,3581.jpg,2
Healthy,2165.jpg,2
Healthy,2959.jpg,2
Healthy,3693.jpg,2
Healthy,4104.jpg,2
Healthy,4109.jpg,2
Healthy,3163.jpg,2
Healthy,1601.jpg,2
Healthy,1608.jpg,2
Healthy,1015.jpg,2
Healthy,3590.jpg,2
Healthy,2278.jpg,2
Healthy,2698.jpg,2
Healthy,3145.jpg,2
Healthy,1686.jpg,2
Healthy,1947.jpg,2
Healthy,3570.jpg,2
Healthy,1099.jpg,2
Healthy,2222.jpg,2
Healthy,3596.jpg,2
Healthy,3621.jpg,2
Healthy,3132.jpg,2
Healthy,2226.jpg,2
Healthy,2700.jpg,2
Healthy,1106.jpg,2
Healthy,2984.jpg,2
Healthy,1547.jpg,2
Healthy,1619.jpg,2
Healthy,2261.jpg,2
Healthy,3657.jpg,2
Healthy,3184.jpg,2
Healthy,4061.jpg,2
Healthy,1684.jpg,2
Healthy,2737.jpg,2
Healthy,2260.jpg,2
Healthy,3672.jpg,2
Healthy,3149.jpg,2
Healthy,1502.jpg,2
Healthy,1604.jpg,2
Healthy,3171.jpg,2
Healthy,2964.jpg,2
Healthy,1148.jpg,2
Healthy,2685.jpg,2
Healthy,2134.jpg,2
Healthy,1568.jpg,2
Healthy,3181.jpg,2
Healthy,3707.jpg,2
Healthy,3635.jpg,2
Healthy,1481.jpg,2
Healthy,3620.jpg,2
Healthy,3160.jpg,2
Healthy,1656.jpg,2
Healthy,3088.jpg,2
Healthy,1291.jpg,2
Healthy,3086.jpg,2
Healthy,2146.jpg,2
Healthy,1948.jpg,2
Healthy,1658.jpg,2
Healthy,3167.jpg,2
Healthy,3645.jpg,2
Healthy,3603.jpg,2
Healthy,1673.jpg,2
Healthy,3180.jpg,2
Healthy,2804.jpg,2
Healthy,1607.jpg,2
Healthy,3026.jpg,2
Healthy,2802.jpg,2
Healthy,2739.jpg,2
Healthy,3100.jpg,2
Healthy,1245.jpg,2
Healthy,2161.jpg,2
Healthy,1588.jpg,2
Healthy,2273.jpg,2
Healthy,1540.jpg,2
Healthy,2969.jpg,2
Healthy,1102.jpg,2
Healthy,2702.jpg,2
Healthy,1495.jpg,2
Healthy,1575.jpg,2
Healthy,3599.jpg,2
Healthy,3679.jpg,2
Healthy,3011.jpg,2
Healthy,1219.jpg,2
Healthy,1578.jpg,2
Healthy,1689.jpg,2
Healthy,1629.jpg,2
Healthy,3156.jpg,2
Healthy,2130.jpg,2
Healthy,3709.jpg,2
Healthy,1676.jpg,2
Healthy,1620.jpg,2
Healthy,3001.jpg,2
Healthy,3188.jpg,2
Healthy,1237.jpg,2
Healthy,3052.jpg,2
Healthy,1630.jpg,2
Healthy,1302.jpg,2
Healthy,1256.jpg,2
Healthy,2277.jpg,2
Healthy,3045.jpg,2
Healthy,1503.jpg,2
Healthy,1525.jpg,2
Healthy,1533.jpg,2
Healthy,1105.jpg,2
Healthy,3574.jpg,2
Healthy,3665.jpg,2
Healthy,1627.jpg,2
Healthy,1587.jpg,2
Healthy,2001.jpg,2
Healthy,3616.jpg,2
Healthy,1603.jpg,2
Healthy,3648.jpg,2
Healthy,1016.jpg,2
Healthy,3178.jpg,2
Healthy,4118.jpg,2
Healthy,3715.jpg,2
Healthy,1496.jpg,2
Healthy,1635.jpg,2
Healthy,2811.jpg,2
Healthy,1685.jpg,2
Healthy,1530.jpg,2
Healthy,2977.jpg,2
Healthy,3659.jpg,2
Healthy,4124.jpg,2
Healthy,2973.jpg,2
Healthy,1526.jpg,2
Healthy,1653.jpg,2
Healthy,1657.jpg,2
Healthy,3716.jpg,2
Healthy,3634.jpg,2
Healthy,3677.jpg,2
Healthy,4105.jpg,2
Healthy,1945.jpg,2
Healthy,3730.jpg,2
Healthy,3164.jpg,2
Healthy,3182.jpg,2
Healthy,1621.jpg,2
Healthy,2279.jpg,2
Healthy,1551.jpg,2
Healthy,2997.jpg,2
Healthy,2276.jpg,2
Healthy,1188.jpg,2
Healthy,1223.jpg,2
Healthy,3678.jpg,2
Healthy,1550.jpg,2
Healthy,1504.jpg,2
Healthy,1678.jpg,2
Healthy,1680.jpg,2
Healthy,1562.jpg,2
Healthy,3729.jpg,2
Healthy,1569.jpg,2
Healthy,3036.jpg,2
Healthy,1489.jpg,2
Healthy,1517.jpg,2
Healthy,1691.jpg,2
Healthy,4123.jpg,2
Healthy,1239.jpg,2
Healthy,3093.jpg,2
Healthy,1100.jpg,2
Healthy,2133.jpg,2
Healthy,1955.jpg,2
Healthy,3035.jpg,2
Healthy,3173.jpg,2
Healthy,1498.jpg,2
Healthy,2732.jpg,2
Healthy,1950.jpg,2
Healthy,2998.jpg,2
Healthy,3016.jpg,2
Healthy,1290.jpg,2
Healthy,1572.jpg,2
Healthy,1883.jpg,2
Healthy,3142.jpg,2
Healthy,3070.jpg,2
Healthy,3651.jpg,2
Healthy,2131.jpg,2
Healthy,1499.jpg,2
Healthy,3714.jpg,2
Healthy,3587.jpg,2
Healthy,4116.jpg,2
Healthy,3627.jpg,2
Healthy,3060.jpg,2
Healthy,3575.jpg,2
Healthy,3582.jpg,2
Healthy,4135.jpg,2
Healthy,2696.jpg,2
Healthy,1267.jpg,2
Healthy,2120.jpg,2
Healthy,2985.jpg,2
Healthy,2148.jpg,2
Healthy,1280.jpg,2
Healthy,1494.jpg,2
Healthy,2999.jpg,2
Healthy,2706.jpg,2
Healthy,3687.jpg,2
Healthy,2230.jpg,2
Healthy,4090.jpg,2
Healthy,3700.jpg,2
Healthy,1497.jpg,2
Healthy,2115.jpg,2
Healthy,1583.jpg,2
Healthy,3133.jpg,2
Healthy,4130.jpg,2
Healthy,1567.jpg,2
Healthy,3682.jpg,2
Healthy,1596.jpg,2
Healthy,3652.jpg,2
Healthy,2961.jpg,2
Healthy,3710.jpg,2
Healthy,3078.jpg,2
Healthy,1281.jpg,2
Healthy,3631.jpg,2
Healthy,3653.jpg,2
Healthy,3025.jpg,2
Healthy,2000.jpg,2
Healthy,1146.jpg,2
Healthy,2270.jpg,2
Healthy,3640.jpg,2
Healthy,1650.jpg,2
Healthy,1633.jpg,2
Healthy,1258.jpg,2
Healthy,1614.jpg,2
Healthy,2225.jpg,2
Healthy,3667.jpg,2
Healthy,4136.jpg,2
Healthy,1611.jpg,2
Healthy,1640.jpg,2
Healthy,4129.jpg,2
Healthy,2123.jpg,2
Healthy,3097.jpg,2
Healthy,1534.jpg,2
Healthy,3069.jpg,2
Healthy,1500.jpg,2
Healthy,1273.jpg,2
Healthy,3669.jpg,2
Healthy,3053.jpg,2
Healthy,1584.jpg,2
Healthy,1682.jpg,2
Healthy,4106.jpg,2
Healthy,3047.jpg,2
Healthy,1510.jpg,2
Healthy,1538.jpg,2
Healthy,4062.jpg,2
Healthy,1508.jpg,2
Healthy,3613.jpg,2
Healthy,3643.jpg,2
Healthy,1501.jpg,2
Healthy,3671.jpg,2
Healthy,4110.jpg,2
Healthy,3586.jpg,2
Healthy,3015.jpg,2
Healthy,1107.jpg,2
Healthy,3617.jpg,2
Healthy,3668.jpg,2
Healthy,2801.jpg,2
Healthy,3046.jpg,2
Healthy,2960.jpg,2
Healthy,3168.jpg,2
Healthy,3147.jpg,2
Healthy,1283.jpg,2
Healthy,1647.jpg,2
Healthy,1677.jpg,2
Healthy,1586.jpg,2
Healthy,2978.jpg,2
Healthy,3024.jpg,2
Healthy,3071.jpg,2
Healthy,2268.jpg,2
Healthy,3708.jpg,2
Healthy,4091.jpg,2
Healthy,3573.jpg,2
Healthy,3608.jpg,2
Healthy,1018.jpg,2
Healthy,1513.jpg,2
Healthy,1104.jpg,2
Healthy,2996.jpg,2
Healthy,3704.jpg,2
Healthy,3583.jpg,2
Healthy,3037.jpg,2
Healthy,2172.jpg,2
Healthy,1580.jpg,2
Healthy,1683.jpg,2
Healthy,4112.jpg,2
Healthy,1672.jpg,2
Healthy,3033.jpg,2
Healthy,1197.jpg,2
Healthy,1886.jpg,2
Healthy,3591.jpg,2
Healthy,1270.jpg,2
Healthy,1882.jpg,2
Healthy,1879.jpg,2
Healthy,3629.jpg,2
Healthy,2968.jpg,2
Healthy,2169.jpg,2
Healthy,1639.jpg,2
Healthy,2158.jpg,2
Healthy,1999.jpg,2
Healthy,2233.jpg,2
Healthy,4132.jpg,2
Healthy,1143.jpg,2
Healthy,3066.jpg,2
Healthy,1536.jpg,2
Healthy,3064.jpg,2
Healthy,3174.jpg,2
Healthy,2966.jpg,2
Healthy,3076.jpg,2
Healthy,2972.jpg,2
Healthy,1276.jpg,2
Healthy,3690.jpg,2
Healthy,1695.jpg,2
Healthy,1668.jpg,2
Healthy,3696.jpg,2
Healthy,3600.jpg,2
Healthy,2262.jpg,2
Healthy,3692.jpg,2
Healthy,1544.jpg,2
Healthy,2003.jpg,2
Healthy,1674.jpg,2
Healthy,1952.jpg,2
Healthy,1259.jpg,2
Healthy,1221.jpg,2
Healthy,1138.jpg,2
Healthy,1699.jpg,2
Healthy,2223.jpg,2
Healthy,2155.jpg,2
Healthy,1600.jpg,2
Healthy,1485.jpg,2
Healthy,1253.jpg,2
Healthy,2122.jpg,2
Healthy,1287.jpg,2
Healthy,2684.jpg,2
Healthy,3595.jpg,2
Healthy,2149.jpg,2
Healthy,1539.jpg,2
Healthy,1488.jpg,2
Healthy,2970.jpg,2
Healthy,1537.jpg,2
Healthy,3077.jpg,2
Healthy,2275.jpg,2
Healthy,1884.jpg,2
Healthy,2994.jpg,2
Healthy,3176.jpg,2
Healthy,1196.jpg,2
Healthy,3084.jpg,2
Healthy,3061.jpg,2
Healthy,1876.jpg,2
Healthy,1881.jpg,2
Healthy,2805.jpg,2
Healthy,2812.jpg,2
Healthy,3087.jpg,2
Healthy,4134.jpg,2
Healthy,1641.jpg,2
Healthy,1145.jpg,2
Healthy,1532.jpg,2
Healthy,1519.jpg,2
Healthy,1692.jpg,2
Healthy,1617.jpg,2
Healthy,2956.jpg,2
Healthy,1230.jpg,2
Healthy,3072.jpg,2
Healthy,1524.jpg,2
Healthy,3711.jpg,2
Healthy,2164.jpg,2
Healthy,1573.jpg,2
Healthy,2152.jpg,2
Healthy,4127.jpg,2
Healthy,1285.jpg,2
Healthy,2701.jpg,2
Healthy,1563.jpg,2
Healthy,1241.jpg,2
Healthy,3000.jpg,2
Healthy,1185.jpg,2
Healthy,3096.jpg,2
Healthy,1660.jpg,2
Healthy,1576.jpg,2
Healthy,3095.jpg,2
Healthy,2809.jpg,2
Healthy,1946.jpg,2
Healthy,2803.jpg,2
Healthy,1560.jpg,2
Healthy,3082.jpg,2
Healthy,1579.jpg,2
Healthy,2274.jpg,2
Healthy,2813.jpg,2
Healthy,3658.jpg,2
Healthy,3079.jpg,2
Healthy,4074.jpg,2
Healthy,3048.jpg,2
Healthy,3044.jpg,2
Healthy,3688.jpg,2
Healthy,2991.jpg,2
Healthy,3022.jpg,2
Healthy,1529.jpg,2
Healthy,2981.jpg,2
Healthy,3092.jpg,2
Healthy,1957.jpg,2
Healthy,1612.jpg,2
Healthy,3702.jpg,2
Healthy,1184.jpg,2
Healthy,3040.jpg,2
Healthy,1150.jpg,2
Healthy,3705.jpg,2
Healthy,3144.jpg,2
Healthy,1577.jpg,2
Healthy,2255.jpg,2
Healthy,1661.jpg,2
Healthy,3005.jpg,2
Healthy,3139.jpg,2
Healthy,1954.jpg,2
Healthy,2957.jpg,2
Healthy,2686.jpg,2
Healthy,1282.jpg,2
Healthy,2132.jpg,2
Healthy,1247.jpg,2
Healthy,3038.jpg,2
Healthy,3639.jpg,2
Healthy,1025.jpg,2
Healthy,1645.jpg,2
Healthy,2151.jpg,2
Healthy,1512.jpg,2
Healthy,3177.jpg,2
Healthy,1565.jpg,2
Healthy,3085.jpg,2
Healthy,2227.jpg,2
Healthy,3698.jpg,2
Healthy,3003.jpg,2
Healthy,4139.jpg,2
Healthy,2256.jpg,2
Healthy,1274.jpg,2
Healthy,3083.jpg,2
Healthy,1483.jpg,2
Healthy,1644.jpg,2
Healthy,3028.jpg,2
Healthy,3685.jpg,2
Healthy,1250.jpg,2
Healthy,1189.jpg,2
Healthy,1648.jpg,2
Healthy,2952.jpg,2
Healthy,1694.jpg,2
Healthy,1515.jpg,2
Healthy,3074.jpg,2
Healthy,3694.jpg,2
Healthy,3686.jpg,2
Healthy,3654.jpg,2
Healthy,1541.jpg,2
Healthy,1632.jpg,2
Healthy,3007.jpg,2
Healthy,1261.jpg,2
Healthy,1020.jpg,2
Healthy,2170.jpg,2
Healthy,3666.jpg,2
Healthy,3632.jpg,2
Healthy,2983.jpg,2
Healthy,1147.jpg,2
Healthy,1101.jpg,2
Healthy,1518.jpg,2
Healthy,1026.jpg,2
Healthy,1149.jpg,2
Healthy,2138.jpg,2
Healthy,2993.jpg,2
Healthy,3006.jpg,2
Healthy,3169.jpg,2
Healthy,3680.jpg,2
Healthy,1142.jpg,2
Healthy,3136.jpg,2
Healthy,1636.jpg,2
Healthy,2154.jpg,2
Healthy,3660.jpg,2
Healthy,1585.jpg,2
Healthy,3058.jpg,2
Healthy,1509.jpg,2
Healthy,1257.jpg,2
Healthy,3703.jpg,2
Healthy,3135.jpg,2
Healthy,3593.jpg,2
Healthy,3633.jpg,2
Healthy,1662.jpg,2
Healthy,1654.jpg,2
Healthy,2229.jpg,2
Healthy,1172.jpg,2
Healthy,1255.jpg,2
Healthy,3162.jpg,2
Healthy,3609.jpg,2
Healthy,1549.jpg,2
Healthy,1248.jpg,2
Healthy,3051.jpg,2
Healthy,3577.jpg,2
Healthy,2989.jpg,2
Healthy,1298.jpg,2
Healthy,2692.jpg,2
Healthy,3699.jpg,2
Healthy,1663.jpg,2
Healthy,1226.jpg,2
Healthy,1275.jpg,2
Healthy,3576.jpg,2
Healthy,1527.jpg,2
Healthy,1697.jpg,2
Healthy,1571.jpg,2
Healthy,1017.jpg,2
Healthy,1595.jpg,2
Healthy,2118.jpg,2
Healthy,1616.jpg,2
Healthy,3063.jpg,2
Healthy,1240.jpg,2
Healthy,1558.jpg,2
Healthy,3641.jpg,2
Healthy,3165.jpg,2
Healthy,1295.jpg,2
Healthy,1543.jpg,2
Healthy,3594.jpg,2
Healthy,1177.jpg,2
Healthy,2954.jpg,2
Healthy,1581.jpg,2
Healthy,1243.jpg,2
Healthy,1598.jpg,2
Healthy,1491.jpg,2
Healthy,3610.jpg,2
Healthy,1522.jpg,2
Healthy,2806.jpg,2
Healthy,2264.jpg,2
Healthy,1484.jpg,2
Healthy,1582.jpg,2
Healthy,1553.jpg,2
Healthy,2814.jpg,2
Healthy,1022.jpg,2
Healthy,4121.jpg,2
Healthy,2953.jpg,2
Healthy,2694.jpg,2
Healthy,2269.jpg,2
Healthy,3151.jpg,2
Healthy,1542.jpg,2
Healthy,3183.jpg,2
Healthy,1229.jpg,2
Healthy,3614.jpg,2
Healthy,2736.jpg,2
Healthy,1296.jpg,2
Healthy,3161.jpg,2
Healthy,1624.jpg,2
Healthy,3584.jpg,2
Healthy,2733.jpg,2
Healthy,3661.jpg,2
Healthy,1687.jpg,2
Healthy,3054.jpg,2
Healthy,1557.jpg,2
Healthy,1634.jpg,2
Healthy,4126.jpg,2
Healthy,1628.jpg,2
Healthy,3670.jpg,2
Healthy,1222.jpg,2
Healthy,1139.jpg,2
Healthy,1233.jpg,2
Healthy,1023.jpg,2
Healthy,2688.jpg,2
Healthy,1486.jpg,2
Healthy,2140.jpg,2
Healthy,1183.jpg,2
Healthy,2980.jpg,2
Healthy,3018.jpg,2
Healthy,1227.jpg,2
Healthy,1252.jpg,2
Healthy,3604.jpg,2
Healthy,1878.jpg,2
Healthy,2137.jpg,2
Healthy,2691.jpg,2
Healthy,1665.jpg,2
Healthy,2962.jpg,2
Healthy,1024.jpg,2
Healthy,3020.jpg,2
Healthy,1284.jpg,2
Healthy,3090.jpg,2
Healthy,3588.jpg,2
Healthy,1698.jpg,2
Healthy,4128.jpg,2
Healthy,3656.jpg,2
Healthy,1659.jpg,2
Healthy,3143.jpg,2
Healthy,1236.jpg,2
Healthy,2224.jpg,2
Healthy,3152.jpg,2
Healthy,3683.jpg,2
Healthy,2689.jpg,2
Healthy,1592.jpg,2
Healthy,3004.jpg,2
Healthy,3602.jpg,2
Healthy,2126.jpg,2
Healthy,3186.jpg,2
Cercospora,1989.jpg,1
Cercospora,1910.jpg,1
Cercospora,2315.jpg,1
Cercospora,1776.jpg,1
Cercospora,3864.jpg,1
Cercospora,2089.jpg,1
Cercospora,2253.jpg,1
Cercospora,346.jpg,1
Cercospora,1841.jpg,1
Cercospora,3429.jpg,1
Cercospora,4019.jpg,1
Cercospora,1790.jpg,1
Cercospora,3763.jpg,1
Cercospora,3477.jpg,1
Cercospora,2328.jpg,1
Cercospora,3978.jpg,1
Cercospora,2316.jpg,1
Cercospora,4010.jpg,1
Cercospora,1755.jpg,1
Cercospora,2309.jpg,1
Cercospora,3997.jpg,1
Cercospora,1784.jpg,1
Cercospora,2057.jpg,1
Cercospora,2063.jpg,1
Cercospora,2247.jpg,1
Cercospora,1979.jpg,1
Cercospora,2059.jpg,1
Cercospora,3482.jpg,1
Cercospora,3957.jpg,1
Cercospora,1896.jpg,1
Cercospora,796.jpg,1
Cercospora,3986.jpg,1
Cercospora,2038.jpg,1
Cercospora,4027.jpg,1
Cercospora,2073.jpg,1
Cercospora,843.jpg,1
Cercospora,792.jpg,1
Cercospora,395.jpg,1
Cercospora,1764.jpg,1
Cercospora,2066.jpg,1
Cercospora,1778.jpg,1
Cercospora,1898.jpg,1
Cercospora,1826.jpg,1
Cercospora,3467.jpg,1
Cercospora,1798.jpg,1
Cercospora,3424.jpg,1
Cercospora,4640.jpg,1
Cercospora,394.jpg,1
Cercospora,1987.jpg,1
Cercospora,3435.jpg,1
Cercospora,3453.jpg,1
Cercospora,3449.jpg,1
Cercospora,1982.jpg,1
Cercospora,2041.jpg,1
Cercospora,1824.jpg,1
Cercospora,3834.jpg,1
Cercospora,3939.jpg,1
Cercospora,1892.jpg,1
Cercospora,769.jpg,1
Cercospora,2294.jpg,1
Cercospora,3452.jpg,1
Cercospora,3494.jpg,1
Cercospora,2340.jpg,1
Cercospora,2299.jpg,1
Cercospora,3859.jpg,1
Cercospora,2249.jpg,1
Cercospora,3432.jpg,1
Cercospora,1919.jpg,1
Cercospora,1822.jpg,1
Cercospora,783.jpg,1
Cercospora,4005.jpg,1
Cercospora,2044.jpg,1
Cercospora,3421.jpg,1
Cercospora,1893.jpg,1
Cercospora,2311.jpg,1
Cercospora,703.jpg,1
Cercospora,782.jpg,1
Cercospora,3488.jpg,1
Cercospora,4004.jpg,1
Cercospora,3441.jpg,1
Cercospora,313.jpg,1
Cercospora,2051.jpg,1
Cercospora,3880.jpg,1
Cercospora,2254.jpg,1
Cercospora,3971.jpg,1
Cercospora,3426.jpg,1
Cercospora,2298.jpg,1
Cercospora,2030.jpg,1
Cercospora,840.jpg,1
Cercospora,3888.jpg,1
Cercospora,3800.jpg,1
Cercospora,770.jpg,1
Cercospora,1800.jpg,1
Cercospora,3987.jpg,1
Cercospora,3471.jpg,1
Cercospora,3947.jpg,1
Cercospora,1862.jpg,1
Cercospora,3437.jpg,1
Cercospora,1964.jpg,1
Cercospora,3849.jpg,1
Cercospora,1920.jpg,1
Cercospora,1783.jpg,1
Cercospora,1909.jpg,1
Cercospora,1976.jpg,1
Cercospora,2359.jpg,1
Cercospora,3778.jpg,1
Cercospora,2351.jpg,1
Cercospora,2244.jpg,1
Cercospora,2337.jpg,1
Cercospora,2091.jpg,1
Cercospora,2252.jpg,1
Cercospora,4622.jpg,1
Cercospora,4630.jpg,1
Cercospora,2061.jpg,1
Cercospora,2319.jpg,1
Cercospora,3803.jpg,1
Cercospora,2353.jpg,1
Cercospora,2323.jpg,1
Cercospora,3941.jpg,1
Cercospora,1874.jpg,1
Cercospora,682.jpg,1
Cercospora,2054.jpg,1
Cercospora,1938.jpg,1
Cercospora,3433.jpg,1
Cercospora,3506.jpg,1
Cercospora,1781.jpg,1
Cercospora,400.jpg,1
Cercospora,2084.jpg,1
Cercospora,3469.jpg,1
Cercospora,4636.jpg,1
Cercospora,3842.jpg,1
Cercospora,2312.jpg,1
Cercospora,1804.jpg,1
Cercospora,786.jpg,1
Cercospora,1870.jpg,1
Cercospora,3819.jpg,1
Cercospora,1899.jpg,1
Cercospora,3793.jpg,1
Cercospora,1937.jpg,1
Cercospora,4003.jpg,1
Cercospora,760.jpg,1
Cercospora,3752.jpg,1
Cercospora,348.jpg,1
Cercospora,413.jpg,1
Cercospora,2308.jpg,1
Cercospora,1985.jpg,1
Cercospora,2306.jpg,1
Cercospora,1758.jpg,1
Cercospora,1889.jpg,1
Cercospora,3875.jpg,1
Cercospora,2289.jpg,1
Cercospora,1757.jpg,1
Cercospora,1888.jpg,1
Cercospora,1929.jpg,1
Cercospora,2354.jpg,1
Cercospora,2238.jpg,1
Cercospora,3448.jpg,1
Cercospora,3825.jpg,1
Cercospora,3771.jpg,1
Cercospora,1936.jpg,1
Cercospora,1944.jpg,1
Cercospora,1897.jpg,1
Cercospora,2349.jpg,1
Cercospora,785.jpg,1
Cercospora,1771.jpg,1
Cercospora,2335.jpg,1
Cercospora,1921.jpg,1
Cercospora,3784.jpg,1
Cercospora,427.jpg,1
Cercospora,2072.jpg,1
Cercospora,778.jpg,1
Cercospora,784.jpg,1
Cercospora,1958.jpg,1
Cercospora,2068.jpg,1
Cercospora,1943.jpg,1
Cercospora,2050.jpg,1
Cercospora,3489.jpg,1
Cercospora,1864.jpg,1
Cercospora,3457.jpg,1
Cercospora,345.jpg,1
Cercospora,4616.jpg,1
Cercospora,4637.jpg,1
Cercospora,3896.jpg,1
Cercospora,1924.jpg,1
Cercospora,1942.jpg,1
Cercospora,2295.jpg,1
Cercospora,3492.jpg,1
Cercospora,276.jpg,1
Cercospora,2376.jpg,1
Cercospora,1853.jpg,1
Cercospora,4021.jpg,1
Cercospora,762.jpg,1
Cercospora,2056.jpg,1
Cercospora,1794.jpg,1
Cercospora,1895.jpg,1
Cercospora,1967.jpg,1
Cercospora,3455.jpg,1
Cercospora,2049.jpg,1
Cercospora,3762.jpg,1
Cercospora,3786.jpg,1
Cercospora,1818.jpg,1
Cercospora,1827.jpg,1
Cercospora,1807.jpg,1
Cercospora,354.jpg,1
Cercospora,3439.jpg,1
Cercospora,1848.jpg,1
Cercospora,3856.jpg,1
Cercospora,3503.jpg,1
Cercospora,3770.jpg,1
Cercospora,4011.jpg,1
Cercospora,1759.jpg,1
Cercospora,3954.jpg,1
Cercospora,1901.jpg,1
Cercospora,1984.jpg,1
Cercospora,3810.jpg,1
Cercospora,2032.jpg,1
Cercospora,1782.jpg,1
Cercospora,1927.jpg,1
Cercospora,828.jpg,1
Cercospora,3866.jpg,1
Cercospora,3948.jpg,1
Cercospora,3840.jpg,1
Cercospora,3972.jpg,1
Cercospora,3980.jpg,1
Cercospora,3970.jpg,1
Cercospora,1939.jpg,1
Cercospora,2237.jpg,1
Cercospora,3459.jpg,1
Cercospora,2300.jpg,1
Cercospora,758.jpg,1
Cercospora,3964.jpg,1
Cercospora,2346.jpg,1
Cercospora,2339.jpg,1
Cercospora,789.jpg,1
Cercospora,1962.jpg,1
Cercospora,698.jpg,1
Cercospora,3891.jpg,1
Cercospora,3794.jpg,1
Cercospora,416.jpg,1
Cercospora,1770.jpg,1
Cercospora,3811.jpg,1
Cercospora,3462.jpg,1
Cercospora,1932.jpg,1
Cercospora,3760.jpg,1
Cercospora,429.jpg,1
Cercospora,1752.jpg,1
Cercospora,1806.jpg,1
Cercospora,2290.jpg,1
Cercospora,702.jpg,1
Cercospora,2042.jpg,1
Cercospora,3865.jpg,1
Cercospora,1854.jpg,1
Cercospora,1907.jpg,1
Cercospora,3995.jpg,1
Cercospora,821.jpg,1
Cercospora,1816.jpg,1
Cercospora,689.jpg,1
Cercospora,3899.jpg,1
Cercospora,2347.jpg,1
Cercospora,1780.jpg,1
Cercospora,3442.jpg,1
Cercospora,1751.jpg,1
Cercospora,1823.jpg,1
Cercospora,3851.jpg,1
Cercospora,1988.jpg,1
Cercospora,2292.jpg,1
Cercospora,1961.jpg,1
Cercospora,2078.jpg,1
Cercospora,2080.jpg,1
Cercospora,1991.jpg,1
Cercospora,799.jpg,1
Cercospora,2039.jpg,1
Cercospora,3470.jpg,1
Cercospora,1980.jpg,1
Cercospora,2071.jpg,1
Cercospora,1925.jpg,1
Cercospora,790.jpg,1
Cercospora,4628.jpg,1
Cercospora,425.jpg,1
Cercospora,4631.jpg,1
Cercospora,275.jpg,1
Cercospora,3755.jpg,1
Cercospora,2344.jpg,1
Cercospora,773.jpg,1
Cercospora,3422.jpg,1
Cercospora,1820.jpg,1
Cercospora,402.jpg,1
Cercospora,3490.jpg,1
Cercospora,1868.jpg,1
Cercospora,4626.jpg,1
Cercospora,4617.jpg,1
Cercospora,3502.jpg,1
Cercospora,1766.jpg,1
Cercospora,3824.jpg,1
Cercospora,4612.jpg,1
Cercospora,1796.jpg,1
Cercospora,1972.jpg,1
Cercospora,3450.jpg,1
Cercospora,1969.jpg,1
Cercospora,797.jpg,1
Cercospora,1941.jpg,1
Cercospora,1973.jpg,1
Cercospora,3498.jpg,1
Cercospora,1894.jpg,1
Cercospora,3867.jpg,1
Cercospora,1860.jpg,1
Cercospora,2085.jpg,1
Cercospora,3787.jpg,1
Cercospora,680.jpg,1
Cercospora,2040.jpg,1
Cercospora,774.jpg,1
Cercospora,4643.jpg,1
Cercospora,2246.jpg,1
Cercospora,1995.jpg,1
Cercospora,2248.jpg,1
Cercospora,2240.jpg,1
Cercospora,3484.jpg,1
Cercospora,1850.jpg,1
Cercospora,4029.jpg,1
Cercospora,3485.jpg,1
Cercospora,1856.jpg,1
Cercospora,3505.jpg,1
Cercospora,2245.jpg,1
Cercospora,2321.jpg,1
Cercospora,2239.jpg,1
Cercospora,2366.jpg,1
Cercospora,2356.jpg,1
Cercospora,2287.jpg,1
Cercospora,1756.jpg,1
Cercospora,775.jpg,1
Cercospora,1814.jpg,1
Cercospora,2375.jpg,1
Cercospora,3447.jpg,1
Cercospora,3451.jpg,1
Cercospora,4625.jpg,1
Cercospora,3801.jpg,1
Cercospora,2065.jpg,1
Cercospora,1890.jpg,1
Cercospora,2322.jpg,1
Cercospora,1997.jpg,1
Cercospora,2338.jpg,1
Cercospora,795.jpg,1
Cercospora,2033.jpg,1
Cercospora,279.jpg,1
Cercospora,4614.jpg,1
Cercospora,1865.jpg,1
Cercospora,3777.jpg,1
Cercospora,3965.jpg,1
Cercospora,2297.jpg,1
Cercospora,3889.jpg,1
Cercospora,1842.jpg,1
Cercospora,3446.jpg,1
Cercospora,2064.jpg,1
Cercospora,2324.jpg,1
Cercospora,1968.jpg,1
Cercospora,3938.jpg,1
Cercospora,3843.jpg,1
Cercospora,768.jpg,1
Cercospora,2363.jpg,1
Cercospora,2341.jpg,1
Cercospora,3858.jpg,1
Cercospora,2327.jpg,1
Cercospora,2305.jpg,1
Cercospora,4624.jpg,1
Cercospora,2070.jpg,1
Cercospora,3979.jpg,1
Cercospora,1911.jpg,1
Cercospora,1875.jpg,1
Cercospora,3898.jpg,1
Cercospora,1970.jpg,1
Cercospora,2367.jpg,1
Cercospora,1866.jpg,1
Cercospora,4613.jpg,1
Cercospora,1801.jpg,1
Cercospora,4002.jpg,1
Cercospora,3826.jpg,1
Cercospora,2043.jpg,1
Cercospora,3483.jpg,1
Cercospora,347.jpg,1
Cercospora,2092.jpg,1
Cercospora,3962.jpg,1
Cercospora,692.jpg,1
Cercospora,759.jpg,1
Cercospora,1754.jpg,1
Cercospora,1797.jpg,1
Cercospora,3748.jpg,1
Cercospora,816.jpg,1
Cercospora,1840.jpg,1
Cercospora,794.jpg,1
Cercospora,842.jpg,1
Cercospora,3841.jpg,1
Cercospora,414.jpg,1
Cercospora,4013.jpg,1
Cercospora,1844.jpg,1
Cercospora,1763.jpg,1
Cercospora,3487.jpg,1
Cercospora,3946.jpg,1
Cercospora,1857.jpg,1
Cercospora,2368.jpg,1
Cercospora,2307.jpg,1
Cercospora,1960.jpg,1
Cercospora,826.jpg,1
Cercospora,277.jpg,1
Cercospora,1906.jpg,1
Cercospora,1838.jpg,1
Cercospora,3809.jpg,1
Cercospora,2357.jpg,1
Cercospora,1872.jpg,1
Cercospora,815.jpg,1
Cercospora,2055.jpg,1
Cercospora,2310.jpg,1
Cercospora,823.jpg,1
Cercospora,2052.jpg,1
Cercospora,3481.jpg,1
Cercospora,3461.jpg,1
Cercospora,2348.jpg,1
Cercospora,3464.jpg,1
Cercospora,817.jpg,1
Cercospora,3881.jpg,1
Cercospora,1971.jpg,1
Cercospora,2373.jpg,1
Cercospora,401.jpg,1
Cercospora,757.jpg,1
Cercospora,3753.jpg,1
Cercospora,1813.jpg,1
Cercospora,1819.jpg,1
Cercospora,686.jpg,1
Cercospora,3460.jpg,1
Cercospora,2362.jpg,1
Cercospora,4611.jpg,1
Cercospora,818.jpg,1
Cercospora,3465.jpg,1
Cercospora,355.jpg,1
Cercospora,3769.jpg,1
Cercospora,3940.jpg,1
Cercospora,1974.jpg,1
Cercospora,700.jpg,1
Cercospora,2291.jpg,1
Cercospora,1761.jpg,1
Cercospora,3420.jpg,1
Cercospora,1922.jpg,1
Cercospora,798.jpg,1
Cercospora,2077.jpg,1
Cercospora,3491.jpg,1
Cercospora,2317.jpg,1
Cercospora,4627.jpg,1
Cercospora,2333.jpg,1
Cercospora,1913.jpg,1
Cercospora,1912.jpg,1
Cercospora,2330.jpg,1
Cercospora,1852.jpg,1
Cercospora,771.jpg,1
Cercospora,1791.jpg,1
Cercospora,844.jpg,1
Cercospora,1966.jpg,1
Cercospora,3768.jpg,1
Cercospora,3835.jpg,1
Cercospora,1835.jpg,1
Cercospora,3497.jpg,1
Cercospora,353.jpg,1
Cercospora,3890.jpg,1
Cercospora,1760.jpg,1
Cercospora,4020.jpg,1
Cercospora,412.jpg,1
Cercospora,1923.jpg,1
Cercospora,3850.jpg,1
Cercospora,426.jpg,1
Cercospora,3996.jpg,1
Cercospora,1829.jpg,1
Cercospora,2336.jpg,1
Cercospora,1891.jpg,1
Cercospora,787.jpg,1
Cercospora,2031.jpg,1
Cercospora,393.jpg,1
Cercospora,312.jpg,1
Cercospora,1811.jpg,1
Cercospora,3427.jpg,1
Cercospora,820.jpg,1
Cercospora,688.jpg,1
Cercospora,824.jpg,1
Cercospora,1926.jpg,1
Cercospora,352.jpg,1
Cercospora,1808.jpg,1
Cercospora,2304.jpg,1
Cercospora,2087.jpg,1
Cercospora,1903.jpg,1
Cercospora,1869.jpg,1
Cercospora,1935.jpg,1
Cercospora,1845.jpg,1
Cercospora,392.jpg,1
Cercospora,2241.jpg,1
Cercospora,3476.jpg,1
Cercospora,1915.jpg,1
Cercospora,3792.jpg,1
Cercospora,2378.jpg,1
Cercospora,4633.jpg,1
Cercospora,1847.jpg,1
Cercospora,3431.jpg,1
Cercospora,1773.jpg,1
Cercospora,696.jpg,1
Cercospora,3857.jpg,1
Cercospora,428.jpg,1
Cercospora,2313.jpg,1
Cercospora,2371.jpg,1
Cercospora,3802.jpg,1
Cercospora,764.jpg,1
Cercospora,1986.jpg,1
Cercospora,1996.jpg,1
Cercospora,2235.jpg,1
Cercospora,791.jpg,1
Cercospora,4609.jpg,1
Cercospora,1828.jpg,1
Cercospora,781.jpg,1
Cercospora,2037.jpg,1
Cercospora,684.jpg,1
Cercospora,3496.jpg,1
Cercospora,3989.jpg,1
Cercospora,3445.jpg,1
Cercospora,1975.jpg,1
Cercospora,681.jpg,1
Cercospora,1846.jpg,1
Cercospora,1918.jpg,1
Cercospora,3973.jpg,1
Cercospora,825.jpg,1
Cercospora,3438.jpg,1
Cercospora,3883.jpg,1
Cercospora,687.jpg,1
Cercospora,1917.jpg,1
Cercospora,3827.jpg,1
Cercospora,1786.jpg,1
Cercospora,4623.jpg,1
Cercospora,2060.jpg,1
Cercospora,3434.jpg,1
Cercospora,1805.jpg,1
Cercospora,827.jpg,1
Cercospora,1769.jpg,1
Cercospora,3423.jpg,1
Cercospora,1789.jpg,1
Cercospora,772.jpg,1
Cercospora,2288.jpg,1
Cercospora,3779.jpg,1
Cercospora,4634.jpg,1
Cercospora,3454.jpg,1
Cercospora,2329.jpg,1
Cercospora,2314.jpg,1
Cercospora,3956.jpg,1
Cercospora,2342.jpg,1
Cercospora,2036.jpg,1
Cercospora,3897.jpg,1
Cercospora,2303.jpg,1
Cercospora,3428.jpg,1
Cercospora,2293.jpg,1
Cercospora,1825.jpg,1
Cercospora,3874.jpg,1
Cercospora,776.jpg,1
Cercospora,2326.jpg,1
Cercospora,2236.jpg,1
Cercospora,1768.jpg,1
Cercospora,3425.jpg,1
Cercospora,2083.jpg,1
Cercospora,2370.jpg,1
Cercospora,4618.jpg,1
Cercospora,763.jpg,1
Cercospora,1839.jpg,1
Cercospora,3754.jpg,1
Cercospora,766.jpg,1
Cercospora,3472.jpg,1
Cercospora,1772.jpg,1
Cercospora,2242.jpg,1
Cercospora,2374.jpg,1
Cercospora,1785.jpg,1
Cercospora,415.jpg,1
Cercospora,691.jpg,1
Cercospora,356.jpg,1
Cercospora,3981.jpg,1
Cercospora,2296.jpg,1
Cercospora,780.jpg,1
Cercospora,2286.jpg,1
Cercospora,1812.jpg,1
Cercospora,3501.jpg,1
Cercospora,2034.jpg,1
Cercospora,765.jpg,1
Cercospora,4615.jpg,1
Cercospora,2350.jpg,1
Cercospora,1873.jpg,1
Cercospora,3882.jpg,1
Cercospora,1775.jpg,1
Cercospora,3817.jpg,1
Cercospora,699.jpg,1
Cercospora,3440.jpg,1
Cercospora,1965.jpg,1
Cercospora,1849.jpg,1
Cercospora,1981.jpg,1
Cercospora,2345.jpg,1
Cercospora,819.jpg,1
Cercospora,3500.jpg,1
Cercospora,3761.jpg,1
Cercospora,4638.jpg,1
Cercospora,3808.jpg,1
Cercospora,693.jpg,1
Cercospora,1753.jpg,1
Cercospora,1916.jpg,1
Cercospora,1992.jpg,1
Cercospora,1863.jpg,1
Cercospora,2352.jpg,1
Cercospora,3963.jpg,1
Cercospora,3463.jpg,1
Cercospora,1767.jpg,1
Cercospora,4028.jpg,1
Cercospora,1750.jpg,1
Cercospora,4639.jpg,1
Cercospora,1859.jpg,1
Cercospora,2067.jpg,1
Cercospora,2369.jpg,1
Cercospora,1831.jpg,1
Cercospora,2250.jpg,1
Cercospora,841.jpg,1
Cercospora,2365.jpg,1
Cercospora,1931.jpg,1
Cercospora,3444.jpg,1
Cercospora,1832.jpg,1
Cercospora,1871.jpg,1
Cercospora,3475.jpg,1
Cercospora,1762.jpg,1
Cercospora,1904.jpg,1
Cercospora,3474.jpg,1
Cercospora,3495.jpg,1
Cercospora,4620.jpg,1
Cercospora,2364.jpg,1
Cercospora,1934.jpg,1
Cercospora,2090.jpg,1
Cercospora,1908.jpg,1
Cercospora,2058.jpg,1
Cercospora,1833.jpg,1
Cercospora,695.jpg,1
Cercospora,1959.jpg,1
Cercospora,1914.jpg,1
Cercospora,1902.jpg,1
Cercospora,1788.jpg,1
Cercospora,2081.jpg,1
Cercospora,2074.jpg,1
Cercospora,2243.jpg,1
Cercospora,3873.jpg,1
Cercospora,1993.jpg,1
Cercospora,3473.jpg,1
Cercospora,1990.jpg,1
Cercospora,1817.jpg,1
Cercospora,4026.jpg,1
Cercospora,2355.jpg,1
Cercospora,2372.jpg,1
Cercospora,1792.jpg,1
Cercospora,4635.jpg,1
Cercospora,3436.jpg,1
Cercospora,1774.jpg,1
Cercospora,3499.jpg,1
Cercospora,344.jpg,1
Cercospora,350.jpg,1
Cercospora,2325.jpg,1
Cercospora,4629.jpg,1
Cercospora,4610.jpg,1
Cercospora,1998.jpg,1
Cercospora,4012.jpg,1
Cercospora,2069.jpg,1
Cercospora,2062.jpg,1
Cercospora,4621.jpg,1
Cercospora,278.jpg,1
Cercospora,1836.jpg,1
Cercospora,793.jpg,1
Cercospora,1765.jpg,1
Cercospora,3493.jpg,1
Cercospora,2358.jpg,1
Cercospora,1994.jpg,1
Cercospora,3994.jpg,1
Cercospora,1810.jpg,1
Cercospora,2343.jpg,1
Cercospora,761.jpg,1
Cercospora,3872.jpg,1
Cercospora,3443.jpg,1
Cercospora,831.jpg,1
Cercospora,2377.jpg,1
Cercospora,2318.jpg,1
Cercospora,3832.jpg,1
Cercospora,1867.jpg,1
Cercospora,1978.jpg,1
Cercospora,2088.jpg,1
Cercospora,3988.jpg,1
Cercospora,2332.jpg,1
Cercospora,3955.jpg,1
Cercospora,788.jpg,1
Cercospora,4632.jpg,1
Cercospora,1930.jpg,1
Cercospora,2360.jpg,1
Cercospora,3785.jpg,1
Cercospora,2053.jpg,1
Cercospora,1793.jpg,1
Cercospora,1803.jpg,1
Cercospora,3816.jpg,1
Cercospora,2334.jpg,1
Cercospora,2285.jpg,1
Cercospora,3466.jpg,1
Cercospora,697.jpg,1
Cercospora,4619.jpg,1
Cercospora,2079.jpg,1
Cercospora,1963.jpg,1
Cercospora,2301.jpg,1
Cercospora,1777.jpg,1
Cercospora,3504.jpg,1
Cercospora,351.jpg,1
Cercospora,1830.jpg,1
Cercospora,3478.jpg,1
Cercospora,685.jpg,1
Cercospora,1821.jpg,1
Cercospora,4642.jpg,1
Cercospora,1802.jpg,1
Cercospora,3833.jpg,1
Cercospora,1799.jpg,1
Cercospora,3949.jpg,1
Cercospora,1905.jpg,1
Cercospora,4018.jpg,1
Cercospora,2076.jpg,1
Cercospora,1977.jpg,1
Cercospora,1858.jpg,1
Cercospora,1837.jpg,1
Cercospora,2075.jpg,1
Cercospora,1940.jpg,1
Cercospora,3776.jpg,1
Cercospora,1928.jpg,1
Cercospora,3468.jpg,1
Cercospora,767.jpg,1
Cercospora,1983.jpg,1
Cercospora,2082.jpg,1
Cercospora,3479.jpg,1
Cercospora,1843.jpg,1
Cercospora,1933.jpg,1
Cercospora,1861.jpg,1
Cercospora,3818.jpg,1
Cercospora,403.jpg,1
Cercospora,1779.jpg,1
Cercospora,2361.jpg,1
Cercospora,2331.jpg,1
Cercospora,694.jpg,1
Cercospora,3458.jpg,1
Cercospora,829.jpg,1
Cercospora,3430.jpg,1
Cercospora,690.jpg,1
Cercospora,2251.jpg,1
Cercospora,2320.jpg,1
Cercospora,779.jpg,1
Cercospora,3486.jpg,1
Cercospora,2035.jpg,1
Cercospora,3480.jpg,1
Cercospora,3848.jpg,1
Cercospora,830.jpg,1
Cercospora,3795.jpg,1
Cercospora,683.jpg,1
Cercospora,777.jpg,1
Cercospora,822.jpg,1
Cercospora,1809.jpg,1
Cercospora,701.jpg,1
Cercospora,1900.jpg,1
Cercospora,1851.jpg,1
Cercospora,1795.jpg,1
Cercospora,4641.jpg,1
Cercospora,2086.jpg,1
Cercospora,1815.jpg,1
Cercospora,2302.jpg,1
Cercospora,1834.jpg,1
Cercospora,1855.jpg,1
Cercospora,1787.jpg,1
Cercospora,3456.jpg,1
Anthracnose,6226.jpg,0
Anthracnose,9554.jpg,0
Anthracnose,6487.jpg,0
Anthracnose,9111.jpg,0
Anthracnose,6601.jpg,0
Anthracnose,9163.jpg,0
Anthracnose,9574.jpg,0
Anthracnose,6688.jpg,0
Anthracnose,7742.jpg,0
Anthracnose,6915.jpg,0
Anthracnose,9126.jpg,0
Anthracnose,7774.jpg,0
Anthracnose,2753.jpg,0
Anthracnose,6328.jpg,0
Anthracnose,6505.jpg,0
Anthracnose,9229.jpg,0
Anthracnose,6348.jpg,0
Anthracnose,2757.jpg,0
Anthracnose,6118.jpg,0
Anthracnose,6528.jpg,0
Anthracnose,9462.jpg,0
Anthracnose,9164.jpg,0
Anthracnose,3216.jpg,0
Anthracnose,6136.jpg,0
Anthracnose,5710.jpg,0
Anthracnose,6247.jpg,0
Anthracnose,7760.jpg,0
Anthracnose,6292.jpg,0
Anthracnose,7778.jpg,0
Anthracnose,2743(1).jpg,0
Anthracnose,9175.jpg,0
Anthracnose,9169.jpg,0
Anthracnose,6565.jpg,0
Anthracnose,7442.jpg,0
Anthracnose,9255.jpg,0
Anthracnose,6160.jpg,0
Anthracnose,6839.jpg,0
Anthracnose,6269.jpg,0
Anthracnose,9242.jpg,0
Anthracnose,9560.jpg,0
Anthracnose,9556.jpg,0
Anthracnose,7744.jpg,0
Anthracnose,8455.jpg,0
Anthracnose,5709.jpg,0
Anthracnose,6708.jpg,0
Anthracnose,9577.jpg,0
Anthracnose,6712.jpg,0
Anthracnose,6152.jpg,0
Anthracnose,6282.jpg,0
Anthracnose,9532.jpg,0
Anthracnose,7422.jpg,0
Anthracnose,6883.jpg,0
Anthracnose,5694.jpg,0
Anthracnose,6194.jpg,0
Anthracnose,6304.jpg,0
Anthracnose,6588.jpg,0
Anthracnose,9166.jpg,0
Anthracnose,4040.jpg,0
Anthracnose,6290.jpg,0
Anthracnose,9227.jpg,0
Anthracnose,6566.jpg,0
Anthracnose,4037.jpg,0
Anthracnose,7792.jpg,0
Anthracnose,9572.jpg,0
Anthracnose,7585.jpg,0
Anthracnose,4039.jpg,0
Anthracnose,6780.jpg,0
Anthracnose,6513.jpg,0
Anthracnose,8431.jpg,0
Anthracnose,9530.jpg,0
Anthracnose,2754.jpg,0
Anthracnose,7408.jpg,0
Anthracnose,9487.jpg,0
Anthracnose,6130.jpg,0
Anthracnose,7763.jpg,0
Anthracnose,9203.jpg,0
Anthracnose,6773.jpg,0
Anthracnose,6103.jpg,0
Anthracnose,6220.jpg,0
Anthracnose,8458.jpg,0
Anthracnose,5723.jpg,0
Anthracnose,6922.jpg,0
Anthracnose,6102.jpg,0
Anthracnose,6574.jpg,0
Anthracnose,6315.jpg,0
Anthracnose,5705.jpg,0
Anthracnose,6276.jpg,0
Anthracnose,9527.jpg,0
Anthracnose,7623.jpg,0
Anthracnose,7735.jpg,0
Anthracnose,5713.jpg,0
Anthracnose,7447.jpg,0
Anthracnose,6218.jpg,0
Anthracnose,6146.jpg,0
Anthracnose,6288.jpg,0
Anthracnose,8170.jpg,0
Anthracnose,6927.jpg,0
Anthracnose,7584.jpg,0
Anthracnose,6343.jpg,0
Anthracnose,9193.jpg,0
Anthracnose,7427.jpg,0
Anthracnose,8149.jpg,0
Anthracnose,6329.jpg,0
Anthracnose,6246.jpg,0
Anthracnose,6336.jpg,0
Anthracnose,5722.jpg,0
Anthracnose,7451.jpg,0
Anthracnose,7454.jpg,0
Anthracnose,6270.jpg,0
Anthracnose,7403.jpg,0
Anthracnose,6893.jpg,0
Anthracnose,8452.jpg,0
Anthracnose,9053.jpg,0
Anthracnose,6845.jpg,0
Anthracnose,9182.jpg,0
Anthracnose,9547.jpg,0
Anthracnose,7412.jpg,0
Anthracnose,6167.jpg,0
Anthracnose,9121.jpg,0
Anthracnose,5714.jpg,0
Anthracnose,9230.jpg,0
Anthracnose,6848.jpg,0
Anthracnose,8450.jpg,0
Anthracnose,6229.jpg,0
Anthracnose,9176.jpg,0
Anthracnose,9534.jpg,0
Anthracnose,7599.jpg,0
Anthracnose,6550.jpg,0
Anthracnose,6124.jpg,0
Anthracnose,6581.jpg,0
Anthracnose,6275.jpg,0
Anthracnose,6291.jpg,0
Anthracnose,9131.jpg,0
Anthracnose,7734.jpg,0
Anthracnose,6324.jpg,0
Anthracnose,6594.jpg,0
Anthracnose,9220.jpg,0
Anthracnose,6499.jpg,0
Anthracnose,6518.jpg,0
Anthracnose,6735.jpg,0
Anthracnose,6101.jpg,0
Anthracnose,6903.jpg,0
Anthracnose,6691.jpg,0
Anthracnose,7753.jpg,0
Anthracnose,6344.jpg,0
Anthracnose,9525.jpg,0
Anthracnose,9128.jpg,0
Anthracnose,6188.jpg,0
Anthracnose,6356.jpg,0
Anthracnose,9550.jpg,0
Anthracnose,6285.jpg,0
Anthracnose,2767.jpg,0
Anthracnose,6202.jpg,0
Anthracnose,7738.jpg,0
Anthracnose,6498.jpg,0
Anthracnose,6564.jpg,0
Anthracnose,7421.jpg,0
Anthracnose,3294.jpg,0
Anthracnose,6233.jpg,0
Anthracnose,6703.jpg,0
Anthracnose,6331.jpg,0
Anthracnose,6311.jpg,0
Anthracnose,4045.jpg,0
Anthracnose,4042.jpg,0
Anthracnose,2752.jpg,0
Anthracnose,5715.jpg,0
Anthracnose,6950.jpg,0
Anthracnose,6554.jpg,0
Anthracnose,6237.jpg,0
Anthracnose,7741.jpg,0
Anthracnose,6491.jpg,0
Anthracnose,9188.jpg,0
Anthracnose,9117.jpg,0
Anthracnose,9561.jpg,0
Anthracnose,7762.jpg,0
Anthracnose,7749.jpg,0
Anthracnose,3218.jpg,0
Anthracnose,7420.jpg,0
Anthracnose,5700.jpg,0
Anthracnose,7406.jpg,0
Anthracnose,6494.jpg,0
Anthracnose,7425.jpg,0
Anthracnose,6739.jpg,0
Anthracnose,9191.jpg,0
Anthracnose,6496.jpg,0
Anthracnose,6603.jpg,0
Anthracnose,6512.jpg,0
Anthracnose,9553.jpg,0
Anthracnose,6181.jpg,0
Anthracnose,4041.jpg,0
Anthracnose,7409.jpg,0
Anthracnose,6763.jpg,0
Anthracnose,6281.jpg,0
Anthracnose,6493.jpg,0
Anthracnose,6156.jpg,0
Anthracnose,6241.jpg,0
Anthracnose,9246.jpg,0
Anthracnose,9240.jpg,0
Anthracnose,5717.jpg,0
Anthracnose,9236.jpg,0
Anthracnose,6116.jpg,0
Anthracnose,6520.jpg,0
Anthracnose,6515.jpg,0
Anthracnose,6245.jpg,0
Anthracnose,9178.jpg,0
Anthracnose,7767.jpg,0
Anthracnose,6488.jpg,0
Anthracnose,7682.jpg,0
Anthracnose,6111.jpg,0
Anthracnose,6289.jpg,0
Anthracnose,9573.jpg,0
Anthracnose,6486.jpg,0
Anthracnose,2769.jpg,0
Anthracnose,5721.jpg,0
Anthracnose,7441.jpg,0
Anthracnose,6719.jpg,0
Anthracnose,9123.jpg,0
Anthracnose,6313.jpg,0
Anthracnose,9146.jpg,0
Anthracnose,6208.jpg,0
Anthracnose,6335.jpg,0
Anthracnose,7756.jpg,0
Anthracnose,6558.jpg,0
Anthracnose,9207.jpg,0
Anthracnose,9198.jpg,0
Anthracnose,9518.jpg,0
Anthracnose,6899.jpg,0
Anthracnose,6225.jpg,0
Anthracnose,9200.jpg,0
Anthracnose,9465.jpg,0
Anthracnose,2741(1).jpg,0
Anthracnose,6174.jpg,0
Anthracnose,6215.jpg,0
Anthracnose,6193.jpg,0
Anthracnose,9196.jpg,0
Anthracnose,9218.jpg,0
Anthracnose,7783.jpg,0
Anthracnose,8446.jpg,0
Anthracnose,7410.jpg,0
Anthracnose,7793.jpg,0
Anthracnose,6580.jpg,0
Anthracnose,7791.jpg,0
Anthracnose,6112.jpg,0
Anthracnose,4038.jpg,0
Anthracnose,7775.jpg,0
Anthracnose,6261.jpg,0
Anthracnose,6489.jpg,0
Anthracnose,6308.jpg,0
Anthracnose,9057.jpg,0
Anthracnose,7657.jpg,0
Anthracnose,2740(1).jpg,0
Anthracnose,6810.jpg,0
Anthracnose,9124.jpg,0
Anthracnose,7405.jpg,0
Anthracnose,2740.jpg,0
Anthracnose,9144.jpg,0
Anthracnose,6302.jpg,0
Anthracnose,9463.jpg,0
Anthracnose,6526.jpg,0
Anthracnose,6333.jpg,0
Anthracnose,9228.jpg,0
Anthracnose,8456.jpg,0
Anthracnose,9197.jpg,0
Anthracnose,6253.jpg,0
Anthracnose,9109.jpg,0
Anthracnose,8440.jpg,0
Anthracnose,7430.jpg,0
Anthracnose,6792.jpg,0
Anthracnose,7622.jpg,0
Anthracnose,9238.jpg,0
Anthracnose,6148.jpg,0
Anthracnose,7457.jpg,0
Anthracnose,6591.jpg,0
Anthracnose,6249.jpg,0
Anthracnose,6530.jpg,0
Anthracnose,6259.jpg,0
Anthracnose,9461.jpg,0
Anthracnose,6714.jpg,0
Anthracnose,5536.jpg,0
Anthracnose,6332.jpg,0
Anthracnose,6531.jpg,0
Anthracnose,6307.jpg,0
Anthracnose,6506.jpg,0
Anthracnose,9234.jpg,0
Anthracnose,8187.jpg,0
Anthracnose,6508.jpg,0
Anthracnose,6213.jpg,0
Anthracnose,6176.jpg,0
Anthracnose,6221.jpg,0
Anthracnose,7401.jpg,0
Anthracnose,8442.jpg,0
Anthracnose,2764.jpg,0
Anthracnose,6322.jpg,0
Anthracnose,6223.jpg,0
Anthracnose,6352.jpg,0
Anthracnose,9260.jpg,0
Anthracnose,6262.jpg,0
Anthracnose,8434.jpg,0
Anthracnose,9555.jpg,0
Anthracnose,6197.jpg,0
Anthracnose,6115.jpg,0
Anthracnose,6930.jpg,0
Anthracnose,6268.jpg,0
Anthracnose,9217.jpg,0
Anthracnose,2746.jpg,0
Anthracnose,7681.jpg,0
Anthracnose,9195.jpg,0
Anthracnose,6516.jpg,0
Anthracnose,6923.jpg,0
Anthracnose,6203.jpg,0
Anthracnose,6568.jpg,0
Anthracnose,5701.jpg,0
Anthracnose,5711.jpg,0
Anthracnose,6105.jpg,0
Anthracnose,6353.jpg,0
Anthracnose,6722.jpg,0
Anthracnose,7415.jpg,0
Anthracnose,6592.jpg,0
Anthracnose,6920.jpg,0
Anthracnose,7752.jpg,0
Anthracnose,9192.jpg,0
Anthracnose,6179.jpg,0
Anthracnose,7754.jpg,0
Anthracnose,6250.jpg,0
Anthracnose,6872.jpg,0
Anthracnose,6234.jpg,0
Anthracnose,9559.jpg,0
Anthracnose,8445.jpg,0
Anthracnose,5534.jpg,0
Anthracnose,6163.jpg,0
Anthracnose,6847.jpg,0
Anthracnose,6788.jpg,0
Anthracnose,7765.jpg,0
Anthracnose,9256.jpg,0
Anthracnose,2745.jpg,0
Anthracnose,5698.jpg,0
Anthracnose,9171.jpg,0
Anthracnose,6338.jpg,0
Anthracnose,9528.jpg,0
Anthracnose,9464.jpg,0
Anthracnose,6576.jpg,0
Anthracnose,6771.jpg,0
Anthracnose,9115.jpg,0
Anthracnose,6279.jpg,0
Anthracnose,6846.jpg,0
Anthracnose,7790.jpg,0
Anthracnose,7770.jpg,0
Anthracnose,8181.jpg,0
Anthracnose,3293.jpg,0
Anthracnose,6690.jpg,0
Anthracnose,6522.jpg,0
Anthracnose,7601.jpg,0
Anthracnose,6339.jpg,0
Anthracnose,6570.jpg,0
Anthracnose,6242.jpg,0
Anthracnose,6200.jpg,0
Anthracnose,6299.jpg,0
Anthracnose,7443.jpg,0
Anthracnose,6596.jpg,0
Anthracnose,6349.jpg,0
Anthracnose,7780.jpg,0
Anthracnose,2761.jpg,0
Anthracnose,2756.jpg,0
Anthracnose,9206.jpg,0
Anthracnose,6604.jpg,0
Anthracnose,6355.jpg,0
Anthracnose,9247.jpg,0
Anthracnose,6326.jpg,0
Anthracnose,7583.jpg,0
Anthracnose,6898.jpg,0
Anthracnose,7455.jpg,0
Anthracnose,6584.jpg,0
Anthracnose,2770.jpg,0
Anthracnose,6182.jpg,0
Anthracnose,7434.jpg,0
Anthracnose,8443.jpg,0
Anthracnose,6583.jpg,0
Anthracnose,7445.jpg,0
Anthracnose,6191.jpg,0
Anthracnose,9250.jpg,0
Anthracnose,6527.jpg,0
Anthracnose,9516.jpg,0
Anthracnose,7764.jpg,0
Anthracnose,6492.jpg,0
Anthracnose,9107.jpg,0
Anthracnose,6254.jpg,0
Anthracnose,7745.jpg,0
Anthracnose,9054.jpg,0
Anthracnose,9533.jpg,0
Anthracnose,6529.jpg,0
Anthracnose,6201.jpg,0
Anthracnose,6507.jpg,0
Anthracnose,6209.jpg,0
Anthracnose,9102.jpg,0
Anthracnose,7452.jpg,0
Anthracnose,9248.jpg,0
Anthracnose,6796.jpg,0
Anthracnose,6521.jpg,0
Anthracnose,6113.jpg,0
Anthracnose,8457.jpg,0
Anthracnose,8432.jpg,0
Anthracnose,8188.jpg,0
Anthracnose,5731.jpg,0
Anthracnose,7776.jpg,0
Anthracnose,6314.jpg,0
Anthracnose,6926.jpg,0
Anthracnose,5726.jpg,0
Anthracnose,6106.jpg,0
Anthracnose,6287.jpg,0
Anthracnose,9466.jpg,0
Anthracnose,6190.jpg,0
Anthracnose,6327.jpg,0
Anthracnose,8153.jpg,0
Anthracnose,9562.jpg,0
Anthracnose,6149.jpg,0
Anthracnose,6775.jpg,0
Anthracnose,2742(1).jpg,0
Anthracnose,6334.jpg,0
Anthracnose,5526.jpg,0
Anthracnose,5727.jpg,0
Anthracnose,6119.jpg,0
Anthracnose,9116.jpg,0
Anthracnose,6169.jpg,0
Anthracnose,6274.jpg,0
Anthracnose,6243.jpg,0
Anthracnose,9564.jpg,0
Anthracnose,9558.jpg,0
Anthracnose,6263.jpg,0
Anthracnose,6240.jpg,0
Anthracnose,7740.jpg,0
Anthracnose,8151.jpg,0
Anthracnose,2748.jpg,0
Anthracnose,6278.jpg,0
Anthracnose,9052.jpg,0
Anthracnose,9167.jpg,0
Anthracnose,5695.jpg,0
Anthracnose,6579.jpg,0
Anthracnose,2750.jpg,0
Anthracnose,6578.jpg,0
Anthracnose,6155.jpg,0
Anthracnose,6230.jpg,0
Anthracnose,7766.jpg,0
Anthracnose,6501.jpg,0
Anthracnose,6114.jpg,0
Anthracnose,9184.jpg,0
Anthracnose,5532.jpg,0
Anthracnose,9129.jpg,0
Anthracnose,2759.jpg,0
Anthracnose,9210.jpg,0
Anthracnose,7418.jpg,0
Anthracnose,9531.jpg,0
Anthracnose,9110.jpg,0
Anthracnose,6567.jpg,0
Anthracnose,6303.jpg,0
Anthracnose,6157.jpg,0
Anthracnose,6217.jpg,0
Anthracnose,7755.jpg,0
Anthracnose,6860.jpg,0
Anthracnose,3219.jpg,0
Anthracnose,5725.jpg,0
Anthracnose,6560.jpg,0
Anthracnose,7781.jpg,0
Anthracnose,8436.jpg,0
Anthracnose,9557.jpg,0
Anthracnose,9113.jpg,0
Anthracnose,6137.jpg,0
Anthracnose,6117.jpg,0
Anthracnose,6523.jpg,0
Anthracnose,6286.jpg,0
Anthracnose,9225.jpg,0
Anthracnose,9253.jpg,0
Anthracnose,7438.jpg,0
Anthracnose,6138.jpg,0
Anthracnose,8186.jpg,0
Anthracnose,7385.jpg,0
Anthracnose,6267.jpg,0
Anthracnose,5729.jpg,0
Anthracnose,2744(1).jpg,0
Anthracnose,6177.jpg,0
Anthracnose,5699.jpg,0
Anthracnose,9168.jpg,0
Anthracnose,6294.jpg,0
Anthracnose,9520.jpg,0
Anthracnose,6330.jpg,0
Anthracnose,2744.jpg,0
Anthracnose,7751.jpg,0
Anthracnose,2749.jpg,0
Anthracnose,7407.jpg,0
Anthracnose,6108.jpg,0
Anthracnose,6141.jpg,0
Anthracnose,5730.jpg,0
Anthracnose,2741.jpg,0
Anthracnose,6260.jpg,0
Anthracnose,5704.jpg,0
Anthracnose,2760.jpg,0
Anthracnose,9177.jpg,0
Anthracnose,6144.jpg,0
Anthracnose,6933.jpg,0
Anthracnose,9252.jpg,0
Anthracnose,6597.jpg,0
Anthracnose,8447.jpg,0
Anthracnose,9205.jpg,0
Anthracnose,6795.jpg,0
Anthracnose,7411.jpg,0
Anthracnose,4044.jpg,0
Anthracnose,5531.jpg,0
Anthracnose,6170.jpg,0
Anthracnose,7785.jpg,0
Anthracnose,6232.jpg,0
Anthracnose,7788.jpg,0
Anthracnose,6305.jpg,0
Anthracnose,8150.jpg,0
Anthracnose,9194.jpg,0
Anthracnose,6283.jpg,0
Anthracnose,6556.jpg,0
Anthracnose,7748.jpg,0
Anthracnose,7429.jpg,0
Anthracnose,6256.jpg,0
Anthracnose,6569.jpg,0
Anthracnose,8177.jpg,0
Anthracnose,6161.jpg,0
Anthracnose,6122.jpg,0
Anthracnose,6590.jpg,0
Anthracnose,6894.jpg,0
Anthracnose,5718.jpg,0
Anthracnose,9216.jpg,0
Anthracnose,6257.jpg,0
Anthracnose,6312.jpg,0
Anthracnose,7624.jpg,0
Anthracnose,7587.jpg,0
Anthracnose,6224.jpg,0
Anthracnose,6599.jpg,0
Anthracnose,5703.jpg,0
Anthracnose,9186.jpg,0
Anthracnose,2743.jpg,0
Anthracnose,6205.jpg,0
Anthracnose,6207.jpg,0
Anthracnose,6916.jpg,0
Anthracnose,6184.jpg,0
Anthracnose,7435.jpg,0
Anthracnose,9201.jpg,0
Anthracnose,6172.jpg,0
Anthracnose,9239.jpg,0
Anthracnose,9259.jpg,0
Anthracnose,5950.jpg,0
Anthracnose,9460.jpg,0
Anthracnose,9542.jpg,0
Anthracnose,7779.jpg,0
Anthracnose,6121.jpg,0
Anthracnose,6185.jpg,0
Anthracnose,6168.jpg,0
Anthracnose,9575.jpg,0
Anthracnose,9221.jpg,0
Anthracnose,6258.jpg,0
Anthracnose,9539.jpg,0
Anthracnose,6552.jpg,0
Anthracnose,5733.jpg,0
Anthracnose,9103.jpg,0
Anthracnose,9576.jpg,0
Anthracnose,9209.jpg,0
Anthracnose,6178.jpg,0
Anthracnose,9159.jpg,0
Anthracnose,5724.jpg,0
Anthracnose,6183.jpg,0
Anthracnose,8430.jpg,0
Anthracnose,6151.jpg,0
Anthracnose,9224.jpg,0
Anthracnose,6123.jpg,0
Anthracnose,5949.jpg,0
Anthracnose,6319.jpg,0
Anthracnose,9202.jpg,0
Anthracnose,7625.jpg,0
Anthracnose,6774.jpg,0
Anthracnose,9524.jpg,0
Anthracnose,9055.jpg,0
Anthracnose,9145.jpg,0
Anthracnose,6892.jpg,0
Anthracnose,8453.jpg,0
Anthracnose,9120.jpg,0
Anthracnose,9231.jpg,0
Anthracnose,9127.jpg,0
Anthracnose,2771.jpg,0
Anthracnose,7739.jpg,0
Anthracnose,7789.jpg,0
Anthracnose,6738.jpg,0
Anthracnose,7769.jpg,0
Anthracnose,6277.jpg,0
Anthracnose,5593.jpg,0
Anthracnose,7437.jpg,0
Anthracnose,8454.jpg,0
Anthracnose,9190.jpg,0
Anthracnose,6737.jpg,0
Anthracnose,5720.jpg,0
Anthracnose,8173.jpg,0
Anthracnose,7772.jpg,0
Anthracnose,7436.jpg,0
Anthracnose,6346.jpg,0
Anthracnose,6500.jpg,0
Anthracnose,9096.jpg,0
Anthracnose,9174.jpg,0
Anthracnose,6199.jpg,0
Anthracnose,9172.jpg,0
Anthracnose,6120.jpg,0
Anthracnose,6244.jpg,0
Anthracnose,2747(1).jpg,0
Anthracnose,4043.jpg,0
Anthracnose,6503.jpg,0
Anthracnose,7782.jpg,0
Anthracnose,6585.jpg,0
Anthracnose,6906.jpg,0
Anthracnose,9219.jpg,0
Anthracnose,6321.jpg,0
Anthracnose,6295.jpg,0
Anthracnose,9254.jpg,0
Anthracnose,9213.jpg,0
Anthracnose,7586.jpg,0
Anthracnose,9517.jpg,0
Anthracnose,9106.jpg,0
Anthracnose,9211.jpg,0
Anthracnose,8444.jpg,0
Anthracnose,7417.jpg,0
Anthracnose,6549.jpg,0
Anthracnose,6350.jpg,0
Anthracnose,6228.jpg,0
Anthracnose,6483.jpg,0
Anthracnose,5535.jpg,0
Anthracnose,9241.jpg,0
Anthracnose,5707.jpg,0
Anthracnose,9243.jpg,0
Anthracnose,9245.jpg,0
Anthracnose,6480.jpg,0
Anthracnose,9232.jpg,0
Anthracnose,5696.jpg,0
Anthracnose,9258.jpg,0
Anthracnose,7771.jpg,0
Anthracnose,6770.jpg,0
Anthracnose,6301.jpg,0
Anthracnose,9233.jpg,0
Anthracnose,7746.jpg,0
Anthracnose,9222.jpg,0
Anthracnose,6300.jpg,0
Anthracnose,6317.jpg,0
Anthracnose,9185.jpg,0
Anthracnose,6582.jpg,0
Anthracnose,6908.jpg,0
Anthracnose,7431.jpg,0
Anthracnose,7433.jpg,0
Anthracnose,6325.jpg,0
Anthracnose,9114.jpg,0
Anthracnose,7440.jpg,0
Anthracnose,6561.jpg,0
Anthracnose,6310.jpg,0
Anthracnose,9549.jpg,0
Anthracnose,9552.jpg,0
Anthracnose,7419.jpg,0
Anthracnose,9161.jpg,0
Anthracnose,6345.jpg,0
Anthracnose,7424.jpg,0
Anthracnose,9181.jpg,0
Anthracnose,9095.jpg,0
Anthracnose,5697.jpg,0
Anthracnose,6354.jpg,0
Anthracnose,6485.jpg,0
Anthracnose,6251.jpg,0
Anthracnose,7416.jpg,0
Anthracnose,9204.jpg,0
Anthracnose,5716.jpg,0
Anthracnose,6931.jpg,0
Anthracnose,9226.jpg,0
Anthracnose,5529.jpg,0
Anthracnose,6497.jpg,0
Anthracnose,6913.jpg,0
Anthracnose,9257.jpg,0
Anthracnose,2762.jpg,0
Anthracnose,7426.jpg,0
Anthracnose,5728.jpg,0
Anthracnose,6298.jpg,0
Anthracnose,6204.jpg,0
Anthracnose,7777.jpg,0
Anthracnose,6935.jpg,0
Anthracnose,2755.jpg,0
Anthracnose,9565.jpg,0
Anthracnose,6107.jpg,0
Anthracnose,6219.jpg,0
Anthracnose,6525.jpg,0
Anthracnose,6593.jpg,0
Anthracnose,7458.jpg,0
Anthracnose,7787.jpg,0
Anthracnose,6236.jpg,0
Anthracnose,6490.jpg,0
Anthracnose,9101.jpg,0
Anthracnose,6767.jpg,0
Anthracnose,7450.jpg,0
Anthracnose,6484.jpg,0
Anthracnose,6235.jpg,0
Anthracnose,6132.jpg,0
Anthracnose,5712.jpg,0
Anthracnose,9523.jpg,0
Anthracnose,5533.jpg,0
Anthracnose,8435.jpg,0
Anthracnose,6175.jpg,0
Anthracnose,9125.jpg,0
Anthracnose,6142.jpg,0
Anthracnose,6509.jpg,0
Anthracnose,6196.jpg,0
Anthracnose,6495.jpg,0
Anthracnose,8182.jpg,0
Anthracnose,2758.jpg,0
Anthracnose,7588.jpg,0
Anthracnose,6517.jpg,0
Anthracnose,9468.jpg,0
Anthracnose,6602.jpg,0
Anthracnose,7737.jpg,0
Anthracnose,6586.jpg,0
Anthracnose,6347.jpg,0
Anthracnose,6502.jpg,0
Anthracnose,6730.jpg,0
Anthracnose,6297.jpg,0
Anthracnose,2768.jpg,0
Anthracnose,8176.jpg,0
Anthracnose,6342.jpg,0
Anthracnose,7786.jpg,0
Anthracnose,6212.jpg,0
Anthracnose,9180.jpg,0
Anthracnose,6553.jpg,0
Anthracnose,9261.jpg,0
Anthracnose,8429.jpg,0
Anthracnose,6577.jpg,0
Anthracnose,5706.jpg,0
Anthracnose,2751.jpg,0
Anthracnose,6180.jpg,0
Anthracnose,6316.jpg,0
Anthracnose,7773.jpg,0
Anthracnose,9179.jpg,0
Anthracnose,9237.jpg,0
Anthracnose,6134.jpg,0
Anthracnose,9563.jpg,0
Anthracnose,6187.jpg,0
Anthracnose,9158.jpg,0
Anthracnose,6109.jpg,0
Anthracnose,6504.jpg,0
Anthracnose,9521.jpg,0
Anthracnose,6723.jpg,0
Anthracnose,9540.jpg,0
Anthracnose,9551.jpg,0
Anthracnose,7600.jpg,0
Anthracnose,9526.jpg,0
Anthracnose,9235.jpg,0
Anthracnose,6284.jpg,0
Anthracnose,6789.jpg,0
Anthracnose,6165.jpg,0
Anthracnose,9538.jpg,0
Anthracnose,5530.jpg,0
Anthracnose,6189.jpg,0
Anthracnose,4036.jpg,0
Anthracnose,7449.jpg,0
Anthracnose,9214.jpg,0
Anthracnose,9173.jpg,0
Anthracnose,7432.jpg,0
Anthracnose,6873.jpg,0
Anthracnose,9519.jpg,0
Anthracnose,6764.jpg,0
Anthracnose,6559.jpg,0
Anthracnose,6548.jpg,0
Anthracnose,9208.jpg,0
Anthracnose,6192.jpg,0
Anthracnose,6340.jpg,0
Anthracnose,9187.jpg,0
Anthracnose,6318.jpg,0
Anthracnose,6280.jpg,0
Anthracnose,5528.jpg,0
Anthracnose,6164.jpg,0
Anthracnose,2763.jpg,0
Anthracnose,8451.jpg,0
Anthracnose,8449.jpg,0
Anthracnose,8171.jpg,0
Anthracnose,6222.jpg,0
Anthracnose,7404.jpg,0
Anthracnose,6902.jpg,0
Anthracnose,5601.jpg,0
Anthracnose,7413.jpg,0
Anthracnose,3217.jpg,0
Anthracnose,6296.jpg,0
Anthracnose,9122.jpg,0
Anthracnose,9112.jpg,0
Anthracnose,7453.jpg,0
Anthracnose,7446.jpg,0
Anthracnose,7439.jpg,0
Anthracnose,6728.jpg,0
Anthracnose,6917.jpg,0
Anthracnose,9467.jpg,0
Anthracnose,6514.jpg,0
Anthracnose,6595.jpg,0
Anthracnose,6510.jpg,0
Anthracnose,5732.jpg,0
Anthracnose,6323.jpg,0
Anthracnose,6153.jpg,0
Anthracnose,7736.jpg,0
Anthracnose,6150.jpg,0
Anthracnose,6264.jpg,0
Anthracnose,7784.jpg,0
Anthracnose,7444.jpg,0
Anthracnose,6265.jpg,0
Anthracnose,7747.jpg,0
Anthracnose,9459.jpg,0
Anthracnose,6238.jpg,0
Anthracnose,6227.jpg,0
Anthracnose,6932.jpg,0
Anthracnose,7423.jpg,0
Anthracnose,6481.jpg,0
Anthracnose,6211.jpg,0
Anthracnose,7758.jpg,0
Anthracnose,7448.jpg,0
Anthracnose,9548.jpg,0
Anthracnose,6255.jpg,0
Anthracnose,6551.jpg,0
Anthracnose,9251.jpg,0
Anthracnose,6928.jpg,0
Anthracnose,9056.jpg,0
Anthracnose,7456.jpg,0
Anthracnose,8433.jpg,0
Anthracnose,5693.jpg,0
Anthracnose,7414.jpg,0
Anthracnose,6482.jpg,0
Anthracnose,9215.jpg,0
Anthracnose,9537.jpg,0
Anthracnose,7761.jpg,0
Anthracnose,7402.jpg,0
Anthracnose,6171.jpg,0
Anthracnose,9098.jpg,0
Anthracnose,6214.jpg,0
Anthracnose,9212.jpg,0
Anthracnose,6271.jpg,0
Anthracnose,9189.jpg,0
Anthracnose,9100.jpg,0
Anthracnose,8185.jpg,0
Anthracnose,6266.jpg,0
Anthracnose,6351.jpg,0
Anthracnose,6524.jpg,0
Anthracnose,5702.jpg,0
Anthracnose,6511.jpg,0
Anthracnose,9249.jpg,0
Anthracnose,7656.jpg,0
Anthracnose,6575.jpg,0
Anthracnose,9529.jpg,0
Anthracnose,7743.jpg,0
Anthracnose,6216.jpg,0
Anthracnose,9223.jpg,0
Anthracnose,6239.jpg,0
Anthracnose,6159.jpg,0
Anthracnose,9108.jpg,0
Anthracnose,9119.jpg,0
Anthracnose,9132.jpg,0
Anthracnose,7400.jpg,0
Anthracnose,6341.jpg,0
Anthracnose,6272.jpg,0
Anthracnose,6750.jpg,0
Anthracnose,6337.jpg,0
Anthracnose,7768.jpg,0
Anthracnose,2766.jpg,0
Anthracnose,6173.jpg,0
Anthracnose,5708.jpg,0
Anthracnose,9104.jpg,0
Anthracnose,8441.jpg,0
Anthracnose,9244.jpg,0
Anthracnose,9130.jpg,0
Anthracnose,6252.jpg,0
Anthracnose,6563.jpg,0
Anthracnose,6133.jpg,0
Anthracnose,7750.jpg,0
Anthracnose,9097.jpg,0
Anthracnose,9160.jpg,0
Anthracnose,2742.jpg,0
Anthracnose,6874.jpg,0
Anthracnose,7658.jpg,0
Anthracnose,6572.jpg,0
Anthracnose,5719.jpg,0
Anthracnose,6125.jpg,0
Anthracnose,6727.jpg,0
Anthracnose,9199.jpg,0
Anthracnose,6761.jpg,0
Anthracnose,7459.jpg,0
Anthracnose,7733.jpg,0
Anthracnose,9541.jpg,0
Anthracnose,2747.jpg,0
Anthracnose,6306.jpg,0
Anthracnose,6231.jpg,0
Anthracnose,6683.jpg,0
Anthracnose,6519.jpg,0
Anthracnose,6562.jpg,0
Anthracnose,9118.jpg,0
Anthracnose,6186.jpg,0
Anthracnose,6198.jpg,0
Anthracnose,6195.jpg,0
Anthracnose,6555.jpg,0
Anthracnose,9162.jpg,0
Anthracnose,2765.jpg,0
Anthracnose,6571.jpg,0
Anthracnose,5527.jpg,0
Anthracnose,9105.jpg,0
Anthracnose,7428.jpg,0
Anthracnose,5585.jpg,0
Anthracnose,6587.jpg,0
Anthracnose,9183.jpg,0
Anthracnose,6110.jpg,0
Anthracnose,9165.jpg,0
Anthracnose,6273.jpg,0
Anthracnose,9170.jpg,0
Anthracnose,6320.jpg,0
Anthracnose,6104.jpg,0
Anthracnose,6790.jpg,0
Anthracnose,8169.jpg,0
Anthracnose,6248.jpg,0
Anthracnose,6557.jpg,0
Anthracnose,7621.jpg,0
Anthracnose,6293.jpg,0
Anthracnose,6309.jpg,0
Anthracnose,9099.jpg,0
Anthracnose,6863.jpg,0
Anthracnose,7602.jpg,0
Anthracnose,6600.jpg,0
Anthracnose,7759.jpg,0
Anthracnose,9522.jpg,0
Anthracnose,6589.jpg,0
